"","recency","frequency","monetary","time","gender","income","donor","daily_steps","annual_checkups"
"1",2,50,12500,98,"M",39309.2563601251,1,6159,6
"2",0,13,3250,28,"M",42554.5475539402,1,6655,4
"3",1,16,4000,35,"M",46763.5359936265,1,9338,5
"4",2,20,5000,45,"F",34608.8729772611,1,7106,3
"5",1,24,6000,77,"M",33759.244730347,0,7194,4
"6",4,4,1000,4,"F",30397.2608531433,0,9573,3
"7",2,7,1750,14,"F",40123.8641878152,1,7691,3
"8",1,12,3000,35,"F",29280.9059274845,0,5102,3
"9",2,9,2250,22,"M",47953.4218099588,1,5970,5
"10",5,46,11500,98,"M",41583.638963641,1,6332,3
"11",4,23,5750,58,"F",31252.9522523777,0,8836,1
"12",0,3,750,4,"F",32945.258332391,0,7540,3
"13",2,10,2500,28,"F",NA,NA,7601,4
"14",1,13,3250,47,"M",NA,NA,7166,NA
"15",2,6,1500,15,"F",43346.6868809257,1,6166,4
"16",2,5,1250,11,"M",35066.7927461845,1,9680,2
"17",2,14,3500,48,"F",40635.8137427638,1,7747,4
"18",2,15,3750,49,"M",42107.4201540457,1,4050,5
"19",2,6,1500,15,"M",45038.4860763812,1,8052,5
"20",2,3,750,4,"M",43296.7954636189,1,6291,3
"21",2,3,750,4,"M",48272.4576157474,1,5398,3
"22",4,11,2750,28,"F",26400.2225410684,0,6673,5
"23",2,6,1500,16,"M",NA,NA,5461,2
"24",2,6,1500,16,"M",47863.9549266698,1,5907,3
"25",9,9,2250,16,"M",34014.8133304844,0,6062,4
"26",4,14,3500,40,"M",NA,NA,4470,1
"27",4,6,1500,14,"F",31431.7119078409,0,8257,3
"28",4,12,3000,34,"F",36210.3254941058,1,7230,6
"29",4,5,1250,11,"M",44376.6098108989,1,5293,4
"30",4,8,2000,21,"F",30868.910130532,0,8881,3
"31",1,14,3500,58,"M",36216.8158112864,0,7640,4
"32",4,10,2500,28,"F",38956.881203293,1,6557,3
"33",4,10,2500,28,"M",45228.493061436,1,8343,5
"34",4,9,2250,26,"F",NA,NA,8317,5
"35",2,16,4000,64,"F",27669.9741780607,0,8232,3
"36",2,8,2000,28,"M",40213.0185039247,1,8033,2
"37",2,12,3000,47,"M",36822.0606625619,1,7831,2
"38",4,6,1500,16,"M",39292.2465607089,1,6907,3
"39",2,14,3500,57,"M",NA,NA,6541,5
"40",4,7,1750,22,"F",37260.4622979995,1,6429,1
"41",2,13,3250,53,"M",NA,NA,5958,1
"42",2,5,1250,16,"F",24122.6904744986,0,6688,2
"43",2,5,1250,16,"F",35474.8848195932,1,5102,4
"44",2,5,1250,16,"M",39710.6424020429,0,10253,2
"45",4,20,5000,69,"M",43867.4817903622,1,8812,5
"46",4,9,2250,28,"M",47972.7613067409,1,5315,4
"47",2,9,2250,36,"M",33083.5488254756,0,6396,3
"48",2,2,500,2,"F",29727.4672943977,0,6300,4
"49",2,2,500,2,"M",33447.5156453462,0,8170,3
"50",2,2,500,2,"M",30403.6967040778,0,6875,2
"51",2,11,2750,46,"F",NA,0,7380,3
"52",2,11,2750,46,"M",48198.9040671937,1,6957,4
"53",2,6,1500,22,"M",32313.2588399725,0,6936,3
"54",2,12,3000,52,"M",37827.1465355528,0,9053,2
"55",4,5,1250,14,"M",38857.2821190151,1,6661,5
"56",4,19,4750,69,"F",32102.365275658,1,9275,5
"57",4,8,2000,26,"F",37031.0867187201,1,4677,4
"58",2,7,1750,28,"M",44807.5875804259,1,7877,4
"59",2,16,4000,81,"F",33417.6894082022,0,7186,3
"60",3,6,1500,21,"M",39014.856301978,0,7324,6
"61",2,7,1750,29,"M",28635.2733797054,0,7569,3
"62",2,8,2000,35,"F",44093.7275562657,1,6247,3
"63",2,10,2500,49,"F",27890.5670010183,0,6500,0
"64",4,5,1250,16,"M",NA,1,5472,2
"65",2,3,750,9,"M",43518.7043924422,1,5392,4
"66",3,16,4000,74,"F",27540.0146831514,0,7455,3
"67",2,4,1000,14,"M",NA,1,7672,4
"68",0,2,500,4,"M",32562.1222256451,0,7080,4
"69",4,7,1750,25,"M",NA,NA,8383,3
"70",1,9,2250,51,"M",31313.5401680101,0,10075,4
"71",2,4,1000,16,"F",27236.1730034768,0,6263,2
"72",2,4,1000,16,"M",NA,NA,3536,2
"73",4,17,4250,71,"M",41575.0175731918,1,8509,2
"74",2,2,500,4,"M",NA,0,5936,4
"75",2,2,500,4,"M",41838.8321219484,1,5968,4
"76",2,2,500,4,"F",35278.6688732195,1,8538,5
"77",2,4,1000,16,"F",41910.5366972668,1,6573,3
"78",2,2,500,4,"M",36315.3693266196,0,5169,2
"79",2,2,500,4,"F",33157.5767859229,0,7272,3
"80",2,2,500,4,"F",25769.8849780089,0,6792,1
"81",4,6,1500,23,"F",40987.9537693333,1,7009,2
"82",2,4,1000,16,"F",24912.7052898629,0,7578,1
"83",2,4,1000,16,"M",32399.8835723584,0,6444,4
"84",2,4,1000,16,"F",25883.1916465708,0,7967,2
"85",2,6,1500,28,"F",NA,1,6669,5
"86",2,6,1500,28,"F",35466.3675562607,0,7498,5
"87",4,2,500,4,"M",32039.8197675437,0,8645,3
"88",4,2,500,4,"M",33145.9563419348,0,7653,3
"89",4,2,500,4,"F",NA,NA,6511,1
"90",2,7,1750,35,"M",NA,NA,8723,3
"91",4,2,500,4,"F",NA,NA,8490,4
"92",4,2,500,4,"F",35043.4648673004,0,7823,3
"93",4,2,500,4,"M",30449.1808353182,0,7358,2
"94",4,2,500,4,"F",25924.6282393104,0,6058,6
"95",12,11,2750,23,"F",25461.987615837,0,9041,2
"96",4,7,1750,28,"M",30240.6853018924,0,6100,3
"97",3,17,4250,86,"M",39878.0712314368,0,10281,4
"98",4,9,2250,38,"F",38022.9376163983,1,9299,4
"99",4,4,1000,14,"M",39472.1544072311,1,6646,3
"100",5,7,1750,26,"M",40196.519684543,1,5460,5
"101",4,8,2000,34,"M",45223.3782192385,1,5934,6
"102",2,13,3250,76,"F",38781.7935052765,1,7385,4
"103",4,9,2250,40,"F",29057.1840594842,0,6630,4
"104",2,5,1250,26,"M",31751.1097135508,0,6479,3
"105",2,5,1250,26,"F",27413.4050109426,0,5573,4
"106",6,17,4250,70,"F",36144.1209091454,0,6932,2
"107",0,8,2000,59,"M",36819.7602328401,0,5823,6
"108",3,5,1250,26,"M",40026.061347746,0,4498,2
"109",2,3,750,14,"M",32735.8792827839,0,6430,1
"110",2,10,2500,64,"F",NA,0,8378,3
"111",4,5,1250,23,"F",34917.8582057397,1,6137,4
"112",4,9,2250,46,"F",29248.4426198391,0,7912,5
"113",4,5,1250,23,"F",31415.5783983508,0,4573,4
"114",4,8,2000,40,"M",46076.8194629943,1,6917,4
"115",2,12,3000,82,"M",35692.5058080509,0,7779,1
"116",11,24,6000,64,"F",NA,NA,7452,2
"117",2,7,1750,46,"F",41692.8609890627,1,7159,3
"118",4,11,2750,61,"F",NA,NA,6039,NA
"119",1,7,1750,57,"M",34319.7941227823,0,5725,1
"120",2,11,2750,79,"F",35650.0500289741,1,5464,5
"121",2,3,750,16,"M",NA,1,7176,3
"122",4,5,1250,26,"F",38416.5752573105,1,5579,6
"123",2,6,1500,41,"M",47131.8947647097,1,6264,2
"124",2,5,1250,33,"M",40708.077075831,1,6616,4
"125",2,4,1000,26,"M",30867.3112572188,0,9766,2
"126",2,5,1250,34,"F",31612.7385737416,0,6022,4
"127",4,8,2000,46,"F",NA,1,7353,5
"128",2,4,1000,26,"M",35916.4168343149,0,7117,5
"129",4,8,2000,48,"M",36828.0304965223,1,5557,5
"130",2,2,500,10,"M",36772.7097589773,1,6893,6
"131",4,5,1250,28,"F",32069.412519849,0,9167,4
"132",2,12,3000,95,"M",34992.8895315204,0,7677,3
"133",2,2,500,10,"F",32613.2031268442,0,7062,4
"134",4,6,1500,35,"F",23951.2632533597,0,6366,2
"135",2,11,2750,88,"F",NA,NA,3920,3
"136",2,3,750,19,"F",33601.4840964658,0,8697,4
"137",2,5,1250,37,"F",33096.2049778063,0,4809,4
"138",2,12,3000,98,"F",32359.2307685316,0,8110,4
"139",9,5,1250,19,"F",36330.2205413378,0,9864,2
"140",2,2,500,11,"M",29638.5704595601,0,4834,2
"141",2,9,2250,74,"F",NA,NA,8053,2
"142",5,14,3500,86,"F",31229.1719476509,0,6607,3
"143",4,3,750,16,"F",NA,NA,4642,2
"144",4,3,750,16,"M",34256.6513225635,0,4728,4
"145",4,2,500,9,"F",40238.7295059192,1,4598,2
"146",4,3,750,16,"F",36038.9808160067,1,6204,6
"147",6,3,750,14,"F",31971.3179499059,0,4807,4
"148",2,2,500,11,"M",35649.7277050291,0,8032,2
"149",2,2,500,11,"F",35579.811924702,1,10150,4
"150",2,2,500,11,"F",27007.8608481713,0,5069,3
"151",2,7,1750,58,"M",44927.6719152788,1,8182,4
"152",4,6,1500,39,"F",29491.7304578979,0,8154,3
"153",4,11,2750,78,"M",NA,NA,7498,2
"154",2,1,250,2,"F",35466.7441792625,1,5487,3
"155",2,1,250,2,"M",37831.8810550034,0,6821,3
"156",2,1,250,2,"M",29970.6683524593,0,6579,5
"157",2,1,250,2,"M",36296.0220065821,0,7844,4
"158",2,1,250,2,"M",NA,0,6441,2
"159",2,1,250,2,"M",NA,NA,8465,4
"160",2,1,250,2,"M",36002.5680614057,0,6438,3
"161",2,1,250,2,"M",35195.4018515913,0,8579,3
"162",2,1,250,2,"F",28085.7869072098,0,5426,3
"163",2,1,250,2,"F",29196.8612879295,0,5110,6
"164",2,1,250,2,"F",39079.6386946571,1,11862,2
"165",2,1,250,2,"M",NA,1,6375,4
"166",2,1,250,2,"F",NA,NA,7447,1
"167",2,1,250,2,"M",40231.2843837539,0,7955,4
"168",2,1,250,2,"M",27702.3231033971,0,6274,4
"169",2,1,250,2,"F",26284.4821040152,0,7775,5
"170",2,1,250,2,"M",36971.2992689921,0,7553,1
"171",2,1,250,2,"F",33265.9855895942,0,6677,3
"172",2,1,250,2,"F",32519.5567625648,0,7098,5
"173",2,1,250,2,"F",30170.5759160502,0,6949,3
"174",2,1,250,2,"F",30971.6341535408,0,10193,3
"175",2,1,250,2,"M",31285.9939972271,0,5888,3
"176",11,10,2500,35,"M",32043.4484548896,0,5356,3
"177",11,4,1000,16,"M",41212.6360861172,1,7057,4
"178",4,5,1250,33,"F",NA,1,7466,5
"179",4,6,1500,41,"F",NA,NA,7655,NA
"180",2,3,750,22,"F",25127.2224796202,0,6312,3
"181",4,4,1000,26,"F",34908.7889915591,1,5405,7
"182",10,4,1000,16,"M",30214.212064081,0,8895,4
"183",2,4,1000,35,"M",35176.5538776894,0,6476,3
"184",4,12,3000,88,"M",30605.6852150388,0,5702,1
"185",13,8,2000,26,"M",35632.4334520245,0,6646,3
"186",11,9,2250,33,"F",33529.8268042037,0,6704,3
"187",4,5,1250,34,"F",30075.6857077171,0,8665,3
"188",4,4,1000,26,"M",35545.3995090761,0,7127,2
"189",8,15,3750,77,"M",32037.6707199477,0,8131,2
"190",4,5,1250,35,"F",39510.9259724827,1,6251,3
"191",4,7,1750,52,"F",26183.6423330148,0,7322,3
"192",4,7,1750,52,"M",33769.686538904,0,6513,5
"193",2,4,1000,35,"M",29964.0418729618,0,7142,4
"194",11,11,2750,42,"F",29201.0473192614,0,5657,3
"195",2,2,500,14,"F",NA,NA,5034,NA
"196",2,5,1250,47,"M",44101.7033862456,1,9996,3
"197",9,8,2000,38,"M",40671.7214560788,1,7901,3
"198",4,6,1500,47,"F",27634.4401023364,0,5123,3
"199",11,7,1750,29,"M",31429.6728706767,0,6083,2
"200",9,9,2250,45,"F",27760.7429561298,0,5222,5
"201",4,6,1500,52,"F",30893.9508612042,0,10298,3
"202",4,7,1750,58,"F",26941.3434083448,0,8969,2
"203",6,2,500,11,"F",46612.6922707167,1,6602,3
"204",4,7,1750,58,"M",34656.1300342137,0,7815,2
"205",11,9,2250,38,"F",27100.3370108966,0,6378,3
"206",11,6,1500,26,"F",31151.5145448671,0,6286,3
"207",2,2,500,16,"F",29634.311786045,0,5817,3
"208",2,7,1750,76,"M",32948.3572833993,0,6108,1
"209",11,6,1500,27,"F",NA,NA,9476,3
"210",11,3,750,14,"F",30693.822232697,0,6919,3
"211",4,1,250,4,"F",NA,NA,7179,1
"212",4,1,250,4,"M",NA,0,7366,4
"213",4,1,250,4,"M",39388.6187264395,0,8849,4
"214",4,1,250,4,"F",25697.4107827448,0,6226,6
"215",4,1,250,4,"F",30416.0585113876,0,5511,3
"216",4,1,250,4,"F",39354.3911811366,1,9514,4
"217",4,1,250,4,"F",NA,NA,6338,3
"218",4,1,250,4,"M",30026.5566258124,0,5915,3
"219",4,1,250,4,"F",26581.1166720029,0,5146,1
"220",4,1,250,4,"M",39026.9457111522,0,5073,1
"221",4,1,250,4,"F",31194.4386251976,0,6139,3
"222",4,1,250,4,"M",44146.5574051259,1,7927,3
"223",4,1,250,4,"M",NA,NA,8665,4
"224",4,1,250,4,"M",NA,NA,8061,0
"225",4,1,250,4,"F",38211.3199589422,1,6455,2
"226",4,1,250,4,"F",39407.8401089398,1,7090,2
"227",4,1,250,4,"M",33730.4437177879,0,5943,4
"228",4,3,750,24,"M",36682.4548946305,0,5924,2
"229",4,1,250,4,"F",NA,NA,8327,NA
"230",4,1,250,4,"M",40774.7557096336,0,5477,3
"231",4,1,250,4,"M",38719.305340645,0,9933,3
"232",4,1,250,4,"F",32137.0348065076,1,6865,4
"233",4,1,250,4,"F",28142.0326986,0,7322,6
"234",10,8,2000,39,"M",33910.1568141444,0,5892,2
"235",14,7,1750,26,"F",24835.0247342798,0,6138,3
"236",8,10,2500,63,"F",NA,0,5024,2
"237",11,3,750,15,"F",28288.0125497972,0,6726,5
"238",4,2,500,14,"F",31448.143184038,0,7628,2
"239",2,4,1000,43,"F",30287.771677232,0,7486,3
"240",8,9,2250,58,"M",32236.4806271542,0,5828,4
"241",8,8,2000,52,"M",41754.6598922217,1,5817,2
"242",11,22,5500,98,"F",38665.2547635995,0,6247,5
"243",4,3,750,25,"M",45518.476058408,1,9244,4
"244",11,17,4250,79,"F",NA,NA,5294,NA
"245",9,2,500,11,"M",36337.3135300138,0,6731,4
"246",4,5,1250,46,"M",32304.6062475851,0,9854,3
"247",11,12,3000,58,"M",34308.8628573879,0,6849,3
"248",7,12,3000,86,"F",30844.5645395528,0,4960,3
"249",11,2,500,11,"F",28576.7064788304,0,6003,4
"250",11,2,500,11,"F",28625.9873790093,0,7728,1
"251",11,2,500,11,"M",35504.6295177599,0,6437,2
"252",2,6,1500,75,"F",28784.6118719875,0,6157,3
"253",11,8,2000,41,"F",37467.8432293292,1,6484,2
"254",11,3,750,16,"M",41041.3662929576,1,7136,2
"255",12,13,3250,59,"M",36530.3511769123,0,9398,3
"256",2,3,750,35,"M",35450.9699477468,0,6867,3
"257",16,8,2000,28,"M",33088.9895569356,0,8621,0
"258",11,7,1750,37,"M",33144.7117108292,0,7946,4
"259",4,3,750,28,"F",32941.3100323829,0,6830,3
"260",12,12,3000,58,"M",33486.0415931205,0,4701,6
"261",4,4,1000,41,"F",34029.0394246713,0,6218,4
"262",11,14,3500,73,"F",37704.9246947054,1,6265,3
"263",2,2,500,23,"F",29034.0135606184,0,7071,6
"264",2,3,750,38,"M",36255.7964966456,1,8950,7
"265",4,5,1250,58,"F",28058.8758205426,0,10440,2
"266",4,4,1000,43,"M",37801.6894593945,1,9321,4
"267",3,2,500,23,"F",35793.5228079414,0,6800,3
"268",11,8,2000,46,"M",35384.7168779441,0,4365,3
"269",4,7,1750,82,"M",35582.3162396647,0,6417,3
"270",13,4,1000,21,"M",33889.9261812187,0,7134,1
"271",16,11,2750,40,"M",25839.4959170298,0,8268,3
"272",16,7,1750,28,"M",33858.6234523878,0,8444,5
"273",7,2,500,16,"M",34014.2094147853,0,8026,3
"274",4,5,1250,58,"F",26324.088770187,0,4907,3
"275",4,5,1250,58,"M",34752.7756462858,0,8274,5
"276",4,4,1000,46,"F",34815.5998106173,0,6330,4
"277",14,13,3250,57,"M",NA,NA,7262,1
"278",4,3,750,34,"M",NA,NA,7112,3
"279",14,18,4500,78,"M",32799.8712443436,0,7642,5
"280",11,8,2000,48,"M",34201.729645978,0,7037,5
"281",14,16,4000,70,"F",36107.4235658434,0,4499,4
"282",14,4,1000,22,"F",39948.5564179438,1,8105,4
"283",14,5,1250,26,"M",37838.0545904011,0,7579,2
"284",8,2,500,16,"M",32115.4019883973,0,6602,3
"285",11,5,1250,33,"M",38050.9960700737,0,7177,2
"286",11,2,500,14,"F",NA,NA,7201,2
"287",4,2,500,23,"F",33518.1886723354,0,7332,4
"288",9,2,500,16,"F",38018.5368097744,1,9461,2
"289",14,5,1250,28,"M",45916.5366594832,1,6671,4
"290",14,3,750,19,"F",NA,NA,7252,4
"291",14,4,1000,23,"M",NA,NA,8753,4
"292",16,12,3000,50,"M",35762.039155803,0,8581,5
"293",11,4,1000,28,"M",34267.4916445693,0,8718,2
"294",11,5,1250,35,"M",NA,NA,6134,4
"295",11,5,1250,35,"M",38463.3276378931,0,10004,3
"296",2,4,1000,70,"F",28937.7202169988,0,7100,3
"297",14,5,1250,28,"F",31255.945274902,0,9800,4
"298",14,2,500,14,"F",23707.6933802467,0,4974,2
"299",14,2,500,14,"M",NA,NA,7031,NA
"300",14,2,500,14,"M",31946.6114301296,0,8875,2
"301",14,2,500,14,"F",29045.6404724803,0,5927,5
"302",14,2,500,14,"F",29053.5292361996,0,5871,3
"303",14,2,500,14,"M",36652.9669705537,0,5592,3
"304",2,3,750,52,"F",24343.7360829693,0,5421,3
"305",14,6,1500,34,"M",36196.5379846844,0,6344,4
"306",11,5,1250,37,"M",44371.6339918686,1,7497,2
"307",4,5,1250,74,"F",30584.5594917049,0,3979,4
"308",11,3,750,23,"M",NA,NA,7318,4
"309",16,4,1000,23,"M",NA,NA,8855,2
"310",16,3,750,19,"M",NA,0,10056,3
"311",11,5,1250,38,"F",31545.9913910957,0,8952,4
"312",11,2,500,16,"M",32595.3667448167,0,8135,4
"313",12,9,2250,60,"F",28493.8280338958,0,4410,5
"314",9,1,250,9,"M",28078.0243760733,0,6098,2
"315",9,1,250,9,"F",28291.662316677,0,6472,4
"316",4,2,500,29,"F",NA,NA,8055,4
"317",11,2,500,17,"F",33651.6530663331,0,6841,3
"318",14,4,1000,26,"F",30353.0687036782,0,5112,2
"319",11,9,2250,72,"M",42265.1001432399,1,9527,2
"320",11,5,1250,41,"M",33398.1487584523,0,8367,4
"321",15,16,4000,82,"M",32504.2493299751,0,7356,3
"322",9,5,1250,51,"F",41269.002618132,1,8827,6
"323",11,4,1000,34,"M",36764.8923362856,0,4992,4
"324",14,8,2000,50,"M",43093.6606733357,1,7991,3
"325",16,7,1750,38,"F",30885.4444641416,0,6216,2
"326",14,2,500,16,"M",35589.8452544269,0,8026,2
"327",2,2,500,41,"M",36906.3694076729,0,6909,3
"328",14,16,4000,98,"F",35725.8172103518,0,7949,2
"329",14,4,1000,28,"M",46508.3803431585,1,9003,4
"330",16,7,1750,39,"F",NA,0,7011,3
"331",14,7,1750,47,"F",32844.0560584804,0,8526,3
"332",16,6,1500,35,"F",29736.9817134606,0,5217,2
"333",16,6,1500,35,"M",41418.8210638082,1,5918,6
"334",11,7,1750,62,"M",44187.7221891938,1,9279,4
"335",16,2,500,16,"M",37085.2145734399,0,7566,3
"336",16,3,750,21,"M",41078.4289852249,1,3922,2
"337",11,3,750,28,"F",32297.2247832597,0,4954,4
"338",11,7,1750,64,"M",33935.6477997848,0,6699,2
"339",11,1,250,11,"M",46477.5836562795,1,8299,3
"340",9,3,750,34,"M",35343.0342181184,0,6847,4
"341",14,4,1000,30,"M",34524.9304888623,0,7936,2
"342",23,38,9500,98,"F",31161.7236580382,0,8439,1
"343",11,6,1500,58,"F",26133.3166702694,0,9507,5
"344",11,1,250,11,"M",34694.5204999204,0,7084,0
"345",11,1,250,11,"F",32160.4405559197,0,6922,4
"346",11,1,250,11,"M",33245.7042335424,0,4370,4
"347",11,1,250,11,"M",33043.0123491193,0,7149,2
"348",11,1,250,11,"M",NA,NA,6142,4
"349",11,1,250,11,"F",32484.722867951,0,5539,4
"350",11,1,250,11,"M",35148.3816010484,0,6730,4
"351",11,1,250,11,"M",38366.9792799834,0,8522,4
"352",11,2,500,21,"M",35999.3815283781,0,4011,3
"353",11,5,1250,50,"F",28889.9782363932,0,6359,4
"354",11,2,500,21,"M",38644.7537190256,0,7175,4
"355",16,4,1000,28,"M",NA,NA,5660,2
"356",4,2,500,41,"F",34198.273714272,0,7501,1
"357",16,6,1500,40,"M",31176.2625385584,0,7617,3
"358",14,3,750,26,"M",36499.9025436913,0,6950,3
"359",9,2,500,26,"M",36204.6597775137,0,3301,2
"360",21,16,4000,64,"F",30369.6545140134,0,10857,3
"361",14,6,1500,51,"F",34666.0907332308,0,6692,1
"362",11,2,500,24,"M",NA,0,7977,3
"363",4,3,750,71,"M",32923.7285116913,0,7411,2
"364",21,13,3250,57,"M",32506.7703339087,0,8537,4
"365",11,6,1500,71,"F",24345.0358926977,0,8226,6
"366",14,2,500,21,"M",38581.1211484321,1,6685,3
"367",23,15,3750,57,"F",28629.8129463426,0,7567,4
"368",14,4,1000,38,"M",37520.0007232375,0,5582,4
"369",11,2,500,26,"F",29039.4380896618,0,8285,3
"370",16,5,1250,40,"M",42125.0197754303,1,6308,3
"371",4,2,500,51,"M",41469.0504676141,1,10625,5
"372",14,3,750,31,"M",40854.2128504394,0,4523,1
"373",4,2,500,52,"F",NA,NA,6304,2
"374",9,4,1000,65,"F",NA,NA,8238,NA
"375",14,4,1000,40,"M",33896.6662628755,0,7765,5
"376",11,3,750,40,"M",40012.6774070255,1,6116,3
"377",14,5,1250,50,"F",29251.1994580603,0,5505,2
"378",14,1,250,14,"M",41599.3422192445,0,7217,7
"379",14,1,250,14,"M",34474.3578872084,0,6979,3
"380",14,1,250,14,"F",32256.1175276353,0,4315,2
"381",14,1,250,14,"M",32716.8279727065,0,7052,3
"382",14,1,250,14,"F",27783.7550239745,0,7285,1
"383",14,1,250,14,"F",30430.9420839802,0,7262,4
"384",14,1,250,14,"F",27854.9343624176,0,5417,3
"385",14,1,250,14,"F",33949.4569991199,0,7714,4
"386",14,7,1750,72,"F",25277.1980704547,0,9068,2
"387",14,1,250,14,"F",30138.4832427467,0,7684,2
"388",14,1,250,14,"F",29914.3685448986,0,5297,2
"389",9,3,750,52,"F",34239.3864026278,0,6347,2
"390",14,7,1750,73,"M",36487.5790200088,0,7519,5
"391",11,4,1000,58,"F",30550.0562308563,0,6029,5
"392",11,4,1000,59,"M",38018.6710169585,0,3764,3
"393",4,2,500,59,"M",37606.9873865573,0,8326,3
"394",11,4,1000,61,"M",36615.5066479316,0,5756,3
"395",16,4,1000,40,"M",33650.7195126527,0,6140,3
"396",16,10,2500,89,"M",35028.4854387106,0,9256,3
"397",21,2,500,21,"M",39043.5859903362,1,5839,4
"398",21,3,750,26,"M",37383.1344263532,0,8269,2
"399",16,8,2000,76,"F",30689.4895541418,0,5109,2
"400",21,3,750,26,"F",40755.7116577953,1,6468,5
"401",18,2,500,23,"M",33357.7732210327,0,6890,2
"402",23,5,1250,33,"M",25834.5515062016,0,5247,3
"403",23,8,2000,46,"M",30957.2145504844,0,6048,3
"404",16,3,750,34,"M",31512.5647786365,0,6957,2
"405",14,5,1250,64,"M",36573.1266931199,0,8006,4
"406",14,3,750,41,"M",33284.4696126233,0,4524,3
"407",16,1,250,16,"F",27890.2624598492,0,6475,5
"408",16,1,250,16,"M",26643.4106936485,0,8135,3
"409",16,1,250,16,"F",NA,NA,6192,3
"410",16,1,250,16,"M",34006.201065939,0,7341,3
"411",16,1,250,16,"F",30182.8007810966,0,7738,2
"412",16,1,250,16,"F",26684.8851494793,0,7402,2
"413",16,1,250,16,"F",30602.052729723,0,7980,4
"414",16,4,1000,45,"F",26308.266945905,0,6816,3
"415",16,1,250,16,"F",NA,NA,6379,NA
"416",16,1,250,16,"M",30061.5216166691,0,3035,3
"417",16,1,250,16,"F",33322.9948656246,0,6861,2
"418",16,1,250,16,"M",30976.787366823,0,7645,1
"419",16,1,250,16,"M",38727.3995168301,0,7803,3
"420",16,2,500,26,"M",34872.9790605943,0,6167,4
"421",21,2,500,23,"M",36218.5897234763,0,9669,1
"422",16,2,500,27,"M",30233.2765369348,0,7430,5
"423",21,2,500,23,"M",38235.8533931078,0,7189,3
"424",21,2,500,23,"M",NA,NA,8908,5
"425",14,4,1000,57,"M",37845.1643540062,0,5922,2
"426",16,5,1250,60,"M",NA,NA,6324,3
"427",23,2,500,23,"F",31593.3370771539,0,10596,3
"428",14,5,1250,74,"F",32353.7483296832,0,7017,4
"429",23,3,750,28,"M",30444.3592075338,0,9450,2
"430",16,3,750,40,"M",35037.990156845,0,4842,3
"431",9,2,500,52,"M",NA,NA,6714,1
"432",9,2,500,52,"F",28988.8517444328,0,7568,2
"433",16,7,1750,87,"F",34927.4282883232,1,7450,4
"434",14,4,1000,64,"M",37974.402121976,0,5492,2
"435",14,2,500,35,"F",30112.4147607302,0,7029,3
"436",16,7,1750,93,"M",33767.9717722148,0,5384,2
"437",21,2,500,25,"F",28678.4334583152,0,8069,4
"438",14,3,750,52,"M",34642.7583257522,0,8627,4
"439",23,14,3500,93,"F",29964.5671851033,0,3663,2
"440",18,8,2000,95,"M",32640.725006529,0,8854,3
"441",16,3,750,46,"M",27694.4429462688,0,5138,5
"442",11,3,750,76,"M",33152.1420960204,0,7682,0
"443",11,2,500,52,"F",25287.0770990166,0,7990,3
"444",11,3,750,76,"F",30889.0758285144,0,6700,5
"445",23,12,3000,86,"M",34742.0838224442,0,6032,6
"446",21,3,750,35,"F",29589.0648282221,0,7248,3
"447",23,2,500,26,"F",27856.9777101952,0,7658,2
"448",23,2,500,26,"F",33196.2417985846,0,8325,3
"449",23,8,2000,64,"F",23939.0421874154,0,3921,2
"450",16,3,750,50,"F",31518.0606876748,0,4545,5
"451",23,3,750,33,"F",28163.3866316768,0,9146,2
"452",21,3,750,38,"M",34078.7909731793,0,8570,3
"453",23,2,500,28,"F",29240.6906187456,0,7653,4
"454",21,1,250,21,"F",27063.6598169353,0,8073,2
"455",21,1,250,21,"F",34745.0367874856,0,8376,4
"456",21,1,250,21,"M",NA,NA,3009,2
"457",21,1,250,21,"F",28483.4460191767,0,8665,4
"458",21,1,250,21,"F",36231.7864567406,0,6273,4
"459",21,1,250,21,"M",36009.7766632263,0,7346,2
"460",21,1,250,21,"F",30612.2535690252,0,6557,4
"461",21,1,250,21,"F",29888.5405679673,0,8308,2
"462",21,1,250,21,"M",34348.0209605625,0,6477,3
"463",21,1,250,21,"F",NA,NA,7778,NA
"464",21,1,250,21,"M",31976.2112806197,0,6414,2
"465",21,1,250,21,"M",36826.0812372057,0,5361,3
"466",21,5,1250,60,"F",31479.1092675357,0,8815,2
"467",23,4,1000,45,"F",31331.451160492,0,8111,3
"468",21,4,1000,52,"M",33790.1397747695,0,9586,4
"469",22,1,250,22,"F",41905.7425864193,1,7098,1
"470",11,2,500,70,"M",29922.0198639733,0,8688,1
"471",23,5,1250,58,"M",38663.1150008886,0,9963,2
"472",23,3,750,40,"M",38345.5071678663,0,6578,1
"473",23,3,750,41,"F",32784.8133239544,0,5016,4
"474",14,3,750,83,"F",26078.2379160994,0,6641,2
"475",21,2,500,35,"M",34829.8021096591,0,6679,0
"476",26,5,1250,49,"M",39602.4747944826,1,7228,3
"477",23,6,1500,70,"M",NA,0,9568,3
"478",23,1,250,23,"M",32183.1552448332,0,6511,4
"479",23,1,250,23,"F",22718.4885315856,0,7560,2
"480",23,1,250,23,"M",NA,0,6658,4
"481",23,1,250,23,"F",26784.337960533,0,7031,3
"482",23,1,250,23,"F",30412.098286554,0,7471,3
"483",23,1,250,23,"F",NA,0,8992,2
"484",23,1,250,23,"F",29764.3025348365,0,7182,5
"485",23,1,250,23,"M",38787.5088518367,0,8069,3
"486",23,4,1000,53,"F",26387.9208398676,0,8168,1
"487",21,6,1500,86,"F",25013.1865068995,0,8372,3
"488",23,3,750,48,"M",34208.0414364862,0,6138,1
"489",21,2,500,41,"F",27155.4367323713,0,9440,3
"490",21,3,750,64,"F",NA,NA,6429,2
"491",16,2,500,70,"M",36604.1795748616,0,6841,4
"492",21,3,750,70,"F",30475.6401588137,0,9106,4
"493",23,4,1000,87,"M",37888.2318525016,0,8941,2
"494",23,3,750,89,"F",26746.7485356069,0,5365,4
"495",23,2,500,87,"F",31178.3246923133,0,5690,5
"496",35,3,750,64,"F",29921.8952699483,0,4963,2
"497",38,1,250,38,"F",26231.8765987051,0,7273,2
"498",38,1,250,38,"M",31192.9411596297,0,7247,4
"499",40,1,250,40,"M",33409.9425106173,0,7546,3
"500",74,1,250,74,"M",34426.8060242175,0,7828,4
"501",2,43,10750,86,"F",36620.6317263943,1,6097,5
"502",6,22,5500,28,"F",39853.7783074849,1,5509,4
"503",2,34,8500,77,"F",35838.732934994,1,8540,5
"504",2,44,11000,98,"F",28249.4641708985,0,8127,4
"505",0,26,6500,76,"M",42648.9735116649,1,4736,4
"506",2,41,10250,98,"M",45734.9737211789,1,6857,4
"507",3,21,5250,42,"M",39696.2940470884,1,5656,5
"508",2,11,2750,23,"M",37639.1893870769,0,3894,2
"509",2,21,5250,52,"F",34567.0002303515,1,7225,2
"510",2,13,3250,32,"M",46410.5311490166,1,6881,4
"511",4,4,1000,4,"F",33492.7264775577,1,6854,3
"512",2,11,2750,26,"M",34425.3386223747,0,7324,3
"513",2,11,2750,28,"F",25330.8056175765,0,8324,4
"514",3,14,3500,35,"M",40529.2585551039,0,7308,4
"515",4,16,4000,38,"F",38885.5544059682,1,6075,3
"516",4,6,1500,14,"F",NA,NA,5898,3
"517",3,5,1250,12,"F",43454.597167697,1,6802,4
"518",4,33,8250,98,"M",43907.134128426,1,7465,5
"519",3,10,2500,33,"F",NA,NA,5440,4
"520",4,10,2500,28,"F",40432.9158607751,1,6724,5
"521",2,11,2750,40,"F",38450.2076921389,1,8451,4
"522",2,11,2750,41,"F",40451.3907804585,1,6838,5
"523",4,13,3250,39,"M",43225.061738834,1,5952,5
"524",1,10,2500,43,"F",38427.834521407,1,6586,4
"525",4,9,2250,28,"M",33689.0829449213,0,8672,3
"526",2,4,1000,11,"F",NA,NA,7825,NA
"527",2,5,1250,16,"M",45122.202417778,1,8855,3
"528",2,15,3750,64,"M",NA,NA,7209,3
"529",5,24,6000,79,"M",39262.908023599,0,7615,3
"530",2,6,1500,22,"M",42156.6384543323,1,6162,5
"531",4,5,1250,16,"F",31801.077467197,1,7908,3
"532",2,4,1000,14,"F",36888.1356513671,1,6240,4
"533",4,8,2000,28,"F",35079.248080707,0,4869,2
"534",2,4,1000,14,"M",37450.9288921384,0,7192,3
"535",2,6,1500,26,"M",33686.1585578569,0,9919,3
"536",4,5,1250,16,"F",36452.9345224401,1,8201,1
"537",2,7,1750,32,"F",NA,NA,8748,2
"538",2,6,1500,26,"F",37022.3675038133,1,7538,4
"539",2,8,2000,38,"F",41752.5126526931,1,6087,3
"540",2,2,500,4,"M",43953.9710558232,1,6697,2
"541",2,6,1500,28,"M",42276.3122282766,1,6590,1
"542",2,10,2500,52,"M",33808.5036155285,0,6297,3
"543",4,16,4000,70,"F",35491.8652452702,1,8056,4
"544",4,2,500,4,"F",NA,NA,5204,6
"545",1,14,3500,95,"F",27098.7509346566,0,8300,3
"546",4,2,500,4,"M",43699.0767189868,1,8296,5
"547",7,14,3500,48,"M",32648.1367036973,0,5202,3
"548",2,3,750,11,"F",26706.3565765601,0,7959,3
"549",2,12,3000,70,"F",34236.1754295952,1,10645,4
"550",4,7,1750,32,"M",48470.0367662345,1,6164,3
"551",4,4,1000,16,"F",31020.6033207709,0,8267,3
"552",2,6,1500,35,"M",43611.0681540728,1,5827,5
"553",4,6,1500,28,"F",40875.209625239,1,8666,3
"554",2,3,750,14,"F",34265.3394244197,0,7375,3
"555",2,4,1000,23,"F",NA,NA,9478,2
"556",4,4,1000,18,"M",36364.7290540114,0,4812,3
"557",5,6,1500,28,"F",28121.2299971082,0,6923,4
"558",4,6,1500,30,"F",36028.3607883046,0,6210,4
"559",14,5,1250,14,"F",34443.7606156184,0,6704,2
"560",3,8,2000,50,"F",30494.2466400634,0,6056,3
"561",4,11,2750,64,"M",44227.0601823125,1,5749,2
"562",4,9,2250,52,"F",27706.5959756921,0,7868,3
"563",4,16,4000,98,"F",42384.3537760358,1,5369,5
"564",7,10,2500,47,"M",29937.7108348428,0,9226,2
"565",4,14,3500,86,"F",26346.4335737353,0,5221,4
"566",2,9,2250,75,"F",34315.5582080202,0,7152,2
"567",4,6,1500,35,"F",38067.0140994858,0,7799,2
"568",4,9,2250,55,"F",34170.3218394316,0,7880,4
"569",4,6,1500,35,"F",41305.7725477611,1,6547,3
"570",2,6,1500,45,"M",33184.8842018946,0,7119,1
"571",2,6,1500,47,"F",33456.7125371681,0,8442,5
"572",4,2,500,9,"M",36161.0044572053,0,4815,3
"573",2,2,500,11,"F",38193.6563248902,1,5827,3
"574",2,2,500,11,"M",33790.8727952209,0,7481,1
"575",2,2,500,11,"M",NA,NA,6333,6
"576",4,6,1500,38,"F",34596.2268888177,1,9055,8
"577",3,4,1000,29,"M",45194.5249874357,1,8010,4
"578",9,9,2250,38,"F",30153.4230026992,0,7108,4
"579",11,5,1250,18,"F",32423.3772943593,0,4738,4
"580",2,3,750,21,"M",38025.6561975682,0,7039,2
"581",2,1,250,2,"M",NA,NA,6525,3
"582",2,1,250,2,"F",39901.1755676867,1,6846,2
"583",2,1,250,2,"M",33025.5172750468,0,5228,2
"584",2,1,250,2,"M",36538.4355597843,0,7748,4
"585",2,1,250,2,"F",30051.1241635287,0,5442,3
"586",2,1,250,2,"M",33023.4321137953,0,6661,3
"587",2,1,250,2,"M",39342.6175830175,1,7572,3
"588",2,1,250,2,"F",NA,NA,5825,1
"589",2,1,250,2,"F",29968.4343216889,0,7874,4
"590",2,1,250,2,"M",NA,NA,5025,1
"591",2,1,250,2,"M",31736.7680710375,0,2785,3
"592",11,11,2750,38,"F",31488.5808675108,0,7697,2
"593",2,3,750,22,"M",NA,NA,8261,3
"594",9,11,2750,49,"F",37665.3498551125,1,6571,5
"595",5,11,2750,75,"M",34598.4205332209,0,7756,2
"596",3,5,1250,38,"F",25063.5947181674,0,5266,2
"597",3,1,250,3,"M",44357.9745165089,1,6809,2
"598",4,6,1500,43,"M",NA,NA,4088,2
"599",2,3,750,24,"F",25310.9648197196,0,8772,2
"600",12,11,2750,39,"F",26790.9451781159,0,9790,3
"601",2,2,500,14,"F",26654.7845131439,0,8611,2
"602",4,6,1500,46,"F",NA,NA,6959,NA
"603",9,3,750,14,"F",NA,NA,6950,NA
"604",14,8,2000,26,"M",32037.7332848453,0,4726,1
"605",4,2,500,13,"M",37536.1488446135,0,8186,2
"606",4,11,2750,95,"M",NA,NA,6684,4
"607",2,7,1750,77,"M",34323.7310418601,0,6015,4
"608",2,7,1750,77,"F",34757.3621692838,0,4882,5
"609",4,1,250,4,"M",36478.3021071598,0,6550,3
"610",4,1,250,4,"F",NA,0,5726,1
"611",4,1,250,4,"M",32855.8120381363,0,6404,2
"612",4,1,250,4,"M",30349.0572212297,0,5174,3
"613",4,1,250,4,"F",39556.6047573049,1,9531,6
"614",4,1,250,4,"M",35625.0072376343,0,6976,3
"615",4,1,250,4,"F",30390.2919423146,0,8612,4
"616",4,1,250,4,"F",29251.7369188732,0,3097,4
"617",4,1,250,4,"F",32879.6288055696,0,6320,2
"618",4,1,250,4,"M",30185.2124412422,0,5987,3
"619",4,1,250,4,"F",36307.2554893055,1,5166,5
"620",4,1,250,4,"F",30849.4599077464,0,9320,4
"621",4,7,1750,62,"F",NA,NA,4877,4
"622",4,1,250,4,"F",32284.596740958,0,7478,4
"623",4,4,1000,34,"F",38355.6403256075,1,8270,3
"624",11,6,1500,28,"F",30271.7842714961,0,7267,1
"625",13,3,750,14,"F",41918.1391539326,1,5687,5
"626",7,5,1250,35,"M",35056.0596831121,0,8412,1
"627",9,9,2250,54,"M",31609.329175011,0,7256,2
"628",11,2,500,11,"M",28503.7209288664,0,5405,4
"629",2,5,1250,63,"M",37307.5805178077,0,4918,1
"630",7,11,2750,89,"M",29632.870685929,0,10130,2
"631",8,9,2250,64,"M",33389.9641347119,0,5982,2
"632",2,2,500,22,"F",32340.2085653675,0,4217,4
"633",6,3,750,26,"M",31012.1696003557,0,7800,4
"634",12,15,3750,71,"F",33820.8759521714,0,7465,4
"635",13,3,750,16,"M",34643.383919282,0,4969,4
"636",11,16,4000,89,"M",31874.8201331607,0,4086,4
"637",4,5,1250,58,"M",40188.5002078453,0,6826,4
"638",14,7,1750,35,"F",27557.3804586531,0,8709,1
"639",11,4,1000,27,"F",29920.6621474842,0,7954,3
"640",7,9,2250,89,"F",40577.5836289186,1,6261,4
"641",11,8,2000,52,"F",36613.3009302627,1,5749,4
"642",7,5,1250,52,"F",24114.2911310632,0,7407,2
"643",11,6,1500,41,"M",29443.0307820196,0,7236,2
"644",10,5,1250,38,"F",27418.8579459004,0,7945,2
"645",14,2,500,14,"F",36553.8025125771,1,6406,5
"646",14,2,500,14,"M",36318.1057093782,0,8349,5
"647",14,2,500,14,"M",30432.3183071194,0,5754,4
"648",2,2,500,33,"F",NA,0,6504,2
"649",11,3,750,23,"M",NA,NA,8111,4
"650",14,8,2000,46,"F",28184.5779169782,0,8485,4
"651",9,1,250,9,"M",37941.1933238786,0,4092,3
"652",16,5,1250,27,"M",39204.932088144,0,7161,2
"653",14,4,1000,26,"M",35285.3130743619,0,7913,2
"654",4,2,500,30,"M",30853.4924899235,0,4824,2
"655",14,3,750,21,"F",34500.8732112845,0,7721,4
"656",16,16,4000,77,"F",30370.7267187843,0,5758,2
"657",4,2,500,31,"F",28919.6665600142,0,8530,3
"658",14,8,2000,50,"F",26692.1090155379,0,7808,5
"659",11,3,750,26,"M",30741.963361806,0,8154,4
"660",14,7,1750,45,"F",27059.1173757365,0,7181,5
"661",15,5,1250,33,"M",31344.6679947821,0,8295,1
"662",16,2,500,16,"M",39916.0289499689,0,9071,3
"663",16,3,750,21,"F",NA,0,9949,3
"664",11,8,2000,72,"M",31117.3393301632,0,6957,4
"665",11,1,250,11,"M",NA,NA,3626,NA
"666",11,1,250,11,"M",32216.6517622183,0,7047,4
"667",11,1,250,11,"M",36027.2469641673,0,7308,3
"668",11,1,250,11,"M",40191.6142297839,1,6767,4
"669",11,1,250,11,"F",25002.1436539702,0,7852,4
"670",2,3,750,75,"F",41749.0449005775,1,8516,3
"671",2,3,750,77,"F",NA,0,6223,4
"672",16,4,1000,28,"M",35069.7704258311,0,6559,4
"673",16,15,3750,87,"M",32023.6660876623,0,7597,3
"674",16,14,3500,83,"M",40941.0875518052,0,6175,4
"675",16,10,2500,62,"F",29955.0895969053,0,7137,3
"676",16,3,750,23,"F",27675.5534735872,0,4057,4
"677",14,3,750,26,"F",27845.5160787044,0,5320,2
"678",23,19,4750,62,"F",30266.1668931469,0,5008,5
"679",11,7,1750,75,"M",32588.2947268985,0,5720,3
"680",14,3,750,28,"F",24809.0547819526,0,5960,4
"681",20,14,3500,69,"M",37166.4902062102,1,7573,3
"682",4,2,500,46,"M",34723.2501918194,0,8473,3
"683",11,2,500,25,"M",34459.764861723,0,5909,4
"684",11,3,750,37,"F",28220.465065327,0,5505,1
"685",16,4,1000,33,"M",32216.7311950616,0,5437,4
"686",21,7,1750,38,"F",31252.805519581,0,6378,3
"687",13,7,1750,76,"F",28585.4754349938,0,6641,0
"688",16,6,1500,50,"M",33124.1913806188,0,7725,3
"689",14,3,750,33,"F",28768.159426685,0,6518,0
"690",14,1,250,14,"M",33267.189282032,0,3882,4
"691",14,1,250,14,"F",30434.5118107372,0,6863,2
"692",14,1,250,14,"M",31492.283453805,0,8781,2
"693",14,1,250,14,"M",36974.2162839662,0,8787,3
"694",14,1,250,14,"F",28645.1102295112,0,5817,5
"695",14,1,250,14,"F",30431.4393041692,0,4678,2
"696",17,7,1750,58,"F",38138.1936686306,1,10687,4
"697",14,3,750,35,"F",27715.1856452823,0,6756,3
"698",14,3,750,35,"F",28684.0767852899,0,6854,2
"699",16,7,1750,64,"F",32205.196747364,0,7631,1
"700",21,2,500,21,"F",31901.4502136494,0,4579,1
"701",16,3,750,35,"F",33716.2329813532,0,5908,4
"702",16,1,250,16,"M",34695.6886188769,0,4689,3
"703",16,1,250,16,"M",33056.6863573037,0,5960,5
"704",16,1,250,16,"M",38499.1111126276,0,7178,4
"705",16,1,250,16,"F",30208.7231078946,0,4953,4
"706",16,1,250,16,"M",38002.1011600001,0,7885,5
"707",14,2,500,29,"M",34546.7049160912,0,7434,2
"708",11,4,1000,74,"M",33711.7711356179,0,5644,4
"709",11,2,500,38,"F",NA,NA,7339,5
"710",21,6,1500,48,"F",30808.4163349313,0,8122,5
"711",23,2,500,23,"M",27223.0029947098,0,8592,4
"712",23,6,1500,45,"F",33536.4614659793,0,6681,4
"713",14,2,500,35,"M",44706.2727702226,1,6860,3
"714",16,6,1500,81,"F",31880.1739867937,0,6870,4
"715",16,4,1000,58,"M",34752.8529080265,0,9162,4
"716",16,5,1250,71,"F",31657.946722386,0,8688,4
"717",21,2,500,26,"F",32852.2627607469,0,8252,4
"718",21,3,750,35,"F",27856.5427395156,0,6569,3
"719",21,3,750,35,"M",39675.1166579485,0,7560,3
"720",23,8,2000,69,"M",38185.9519500138,0,7605,4
"721",21,3,750,38,"F",30340.1692039469,0,5437,3
"722",23,3,750,35,"F",31124.9098925213,0,4408,2
"723",21,3,750,40,"F",34393.5193644181,0,7963,3
"724",23,2,500,28,"F",26273.3008270873,0,4706,1
"725",21,1,250,21,"F",27892.0331241918,0,7003,2
"726",21,1,250,21,"M",36601.8200956992,0,7375,3
"727",25,6,1500,50,"M",33720.1448305432,0,7846,1
"728",21,1,250,21,"F",33790.1386086858,0,7284,1
"729",21,1,250,21,"M",25941.2565850517,0,5901,4
"730",23,3,750,39,"F",27282.7725783567,0,8480,2
"731",21,2,500,33,"M",NA,NA,9608,1
"732",14,3,750,79,"M",40284.402819592,0,8322,3
"733",23,1,250,23,"M",45375.859230949,1,4085,5
"734",23,1,250,23,"M",35131.6829633495,0,9099,4
"735",23,1,250,23,"M",37327.591882592,0,6916,4
"736",23,1,250,23,"F",31916.5570480029,0,7787,4
"737",23,1,250,23,"F",28923.4956241301,0,7933,2
"738",23,1,250,23,"M",NA,NA,6855,4
"739",23,1,250,23,"F",35673.6132098681,0,6887,2
"740",23,4,1000,52,"M",33005.127724762,0,8529,3
"741",23,1,250,23,"M",34626.2300643843,0,8067,6
"742",23,7,1750,88,"M",39203.4457958711,0,8485,4
"743",16,3,750,86,"F",32933.0170891096,0,10574,4
"744",23,2,500,38,"M",35680.4720082766,0,7997,2
"745",21,2,500,52,"M",32908.60858815,0,7311,2
"746",23,3,750,62,"M",32668.2768063034,0,3684,6
"747",39,1,250,39,"M",NA,NA,11038,2
"748",72,1,250,72,"F",35495.9436825065,0,6276,3
